{
    "gestures": {
        "posos": [
            [
                0.0,
                0.0
            ],
            [
                0.11545283047078712,
                -0.1553963890628095
            ],
            [
                0.18118766007295908,
                -0.38770892703375875
            ],
            [
                0.18096143792705843,
                -0.5784413568409728
            ],
            [
                0.10717355998368228,
                -0.6653993979854462
            ],
            [
                0.10498131964216027,
                -0.38050255289524093
            ],
            [
                0.04171617764374905,
                -0.6519780636180557
            ],
            [
                0.03175134426118121,
                -0.5502650656473311
            ],
            [
                0.032436734548350624,
                -0.4586731420875907
            ],
            [
                -0.0031786998357699768,
                -0.35173730557126665
            ],
            [
                -0.0542776555246288,
                -0.6980174110543094
            ],
            [
                -0.07473080935949229,
                -0.869402185197994
            ],
            [
                -0.08356311646530065,
                -1.0
            ],
            [
                -0.10675606201477142,
                -0.3205881881959461
            ],
            [
                -0.12257763369865954,
                -0.614011139826077
            ],
            [
                -0.10010670572161547,
                -0.5381236514147643
            ],
            [
                -0.07818474466491299,
                -0.4392132600681462
            ],
            [
                -0.1897395561144608,
                -0.2921440931557494
            ],
            [
                -0.18304706986583885,
                -0.5153070644920675
            ],
            [
                -0.15721864074021089,
                -0.45797872768666226
            ],
            [
                -0.14338166630968335,
                -0.37450151724547953
            ]
        ],
        "copy": [
            [
                0.0,
                0.0
            ],
            [
                -0.14563444011573629,
                -0.07922307786100814
            ],
            [
                -0.2648562698697626,
                -0.1957645544796528
            ],
            [
                -0.35650290364357695,
                -0.28679952115925944
            ],
            [
                -0.4172807038755339,
                -0.37197864127618385
            ],
            [
                -0.1808279012343439,
                -0.487012961654122
            ],
            [
                -0.2775547722321127,
                -0.6033213452210658
            ],
            [
                -0.34960281283235434,
                -0.5419760192258968
            ],
            [
                -0.39850939577223876,
                -0.4406146634976952
            ],
            [
                -0.11225388989069242,
                -0.5426800320357978
            ],
            [
                -0.18005181853013627,
                -0.752167077028516
            ],
            [
                -0.26765725230825826,
                -0.8469138010534039
            ],
            [
                -0.34864842913073807,
                -0.9096085342431207
            ],
            [
                -0.03803483741138352,
                -0.5414954349224831
            ],
            [
                -0.05368682479098646,
                -0.763912990533361
            ],
            [
                -0.10397748894681742,
                -0.9000901406214997
            ],
            [
                -0.15920354048976995,
                -1.0
            ],
            [
                0.03895166745159868,
                -0.5024548536549199
            ],
            [
                0.05608165964777427,
                -0.6855900171322802
            ],
            [
                0.04119534093182231,
                -0.8109016148902792
            ],
            [
                0.009470307578293369,
                -0.9179573206582888
            ]
        ],
        "artemlox": [
            [
                0.0,
                0.0
            ],
            [
                0.04592885581033808,
                -0.21389013104068852
            ],
            [
                0.00014774634881029028,
                -0.43403541667083345
            ],
            [
                -0.09789285963832339,
                -0.5558871855333485
            ],
            [
                -0.18078359372928365,
                -0.5823393305232278
            ],
            [
                0.003749273284743925,
                -0.5078412342252546
            ],
            [
                -0.08687265948653822,
                -0.7535786391554793
            ],
            [
                -0.14337576664386814,
                -0.8967315604330632
            ],
            [
                -0.18687977582814247,
                -1.0
            ],
            [
                -0.08207445164329748,
                -0.4634931998291304
            ],
            [
                -0.22055987865960125,
                -0.6402808032265738
            ],
            [
                -0.20788040313720338,
                -0.5500581081873607
            ],
            [
                -0.16924892659696866,
                -0.4806880360361732
            ],
            [
                -0.1667462711950686,
                -0.3901205565043653
            ],
            [
                -0.28853584465135956,
                -0.5589422445328528
            ],
            [
                -0.2706084704336652,
                -0.4839700695575616
            ],
            [
                -0.23318967527868736,
                -0.42384672522798583
            ],
            [
                -0.25114350189944384,
                -0.3121894544333808
            ],
            [
                -0.35219077834389506,
                -0.5153950082508916
            ],
            [
                -0.42068895348293306,
                -0.6110688338625857
            ],
            [
                -0.47228326884861144,
                -0.6996472217202359
            ]
        ]
    },
    "actions": {
        "my_gesture": "hotkey:ctrl+s",
        "posos": "hotkey:alt+f4",
        "copy": "hotkey:ctrl+c",
        "artemlox": "type:artemlox"
    },
    "settings": {
        "hold_time": 0.5,
        "threshold": 0.07,
        "frame_reduction": 150
    }
}